Type,Name,Notice,Furigana,
危険・有害物,アイスピック,危なくないよう刃先をくるむ,あ,
資源ごみ,アイロン,,あ,
粗大ごみ,アイロン台,基準未満は「燃やさないごみ」,あ,
粗大ごみ,足踏みミシン,,あ,
資源ごみ,圧力鍋,,あ,
燃やすごみ,油,固めるか布などに染み込ませる,あ,
資源ごみ,油こし容器,,あ,
プラスチック系ごみ,油（食用油）の容器:プラスチックボトル,,あ,
資源ごみ,油（食用油）の容器:ビン,,あ,
粗大ごみ,編み機,,あ,
燃やさないごみ,アルバム:厚くしっかりしたもの,,あ,
燃やすごみ,アルバム:薄く簡易なもの,,あ,
燃やさないごみ,アルミホイル,,あ,
燃やさないごみ,あんか,,あ,
危険・有害物,安全ピン,,あ,
粗大ごみ,アンテナ:ＢＳ、パラボラ,基準未満は金属製なら「資源ごみ」,あ,
燃やさないごみ,アンテナ:室内用,,あ,
粗大ごみ（1個1点）,衣装ケース:金属製,,い,
粗大ごみ（3個まで1点）,衣装ケース:プラスチック製,,い,
粗大ごみ（3個まで1点）,衣装ケース:紙製,,い,
粗大ごみ（1脚1点）,椅子:ひじ掛けあり,安楽、回転、ロッキングチェアなど,い,
粗大ごみ（4脚まで1点）,椅子:ひじ掛けなし、小椅子,パイプ椅子、丸椅子などとのセット可,い,
燃やすごみ,板:長さ50cm以内,幅20/長さ50/厚さ2センチメートル以内のもの、5枚程度に縛る,い,
燃やさないごみ,板:3辺の合計1ｍ未満,5枚程度に縛る,い,
粗大ごみ（5枚まで1点）,板:3辺の合計1ｍ以上,紐で縛る,い,
粗大ごみ,一輪車:スポーツ用,,い,
粗大ごみ,一輪車:作業用,,い,
資源ごみ,一斗缶:金属製18リットル,中身を空にする,い,
粗大ごみ,犬小屋:プラスチック製、木製とも,,い,
燃やさないごみ,入れ歯,,い,
収集できないごみ,衣類乾燥機,家電リサイクル法にもとづいて処理,い,
燃やすごみ,印鑑:木製,,い,
資源ごみ,印鑑:金属製,,い,
燃やさないごみ,印鑑:その他の材質,,い,
燃やさないごみ,インクカートリッジ,できるだけ電器店の回収箱へ,い,
資源ごみ,ウインドブレーカー,,う,
燃やさないごみ,植木鉢:陶器製、プラスチック製,,う,
燃やさないごみ,ウエストポーチ,,う,
燃やさないごみ,ウエットスーツ,,う,
粗大ごみ,ウォーキングマシン,基準未満は金属製なら「資源ごみ」,う,
燃やさないごみ,浮き輪,,う,
燃やすごみ,うちわ:竹製の骨,,う,
燃やさないごみ,うちわ:プラスチック製の骨,,う,
資源ごみ,腕時計:ベルトが金属製,,う,
燃やさないごみ,腕時計:ベルトがその他の材質,,う,
粗大ごみ,乳母車,,う,
粗大ごみ（3枚まで1点）,羽毛布団,,う,
燃やさないごみ,運動靴,,う,
収集できないごみ,エアコン,家電リサイクル法にもとづいて処理,え,
収集できないごみ,液晶テレビ,家電リサイクル法にもとづいて処理,え,
燃やさないごみ,絵の具チューブ,中は出し切る,え,
資源ごみ,エプロン,,え,
燃やさないごみ,ＭＤ（ミニディスク）,,え,
資源ごみ,ＭＤプレーヤー,,え,
粗大ごみ,エレクトーン,重量100キログラムまでのもの,え,
燃やすごみ,エンジンオイル:少量のみ,固めるか布などに染み込ませる,え,
燃やさないごみ,延長コード,,え,
燃やさないごみ,オアシス（吸水フォーム）,,お,
粗大ごみ,オイルヒーター,基準未満は「資源ごみ」,お,
収集できないごみ,オートバイ,メーカー回収ルートで処理,お,
資源ごみ,オーブン:電気、ガスとも,,お,
資源ごみ,オーブントースター,,お,
粗大ごみ,オーブンレンジ,基準未満は「資源ごみ」,お,
燃やさないごみ,桶:木製、プラスチック製,,お,
資源ごみ,帯,,お,
燃やさないごみ,オペラグラス,,お,
収集できないごみ,おまる:陶器製、プラスチック製,クリーンセンターしらさぎに持ち込み（基準以上は「粗大ごみ（有料）」,お,
資源ごみ,折込広告,新聞と一緒で可,お,
粗大ごみ,オルガン,,お,
資源ごみ,おろしがね:金属製,,お,
燃やさないごみ,おろしがね:セラミック製、プラスチック製,,お,
粗大ごみ,温水器,基準未満は「資源ごみ」,お,
危険・有害物,温度計,,お,
燃やすごみ,ガーゼ,,か,
資源ごみ,カーテン,,か,
"粗大ごみ
（3本まで1点）",カーテンレール:金属製,折るなどして基準未満の長さであれば「資源ごみ」,か,
"粗大ごみ
（3本まで1点）",カーテンレール:プラスチック製,折るなどして基準未満の長さであれば「燃やさないごみ」,か,
燃やさないごみ,カード:キャッシュカード、テレホンカードなど,磁気テープ部分にはさみを入れる,か,
燃やさないごみ,カーペット:6畳未満,新聞1ページほどの大きさ以内にたたむ,か,
燃やすごみ,カーボン紙,,か,
燃やすごみ,貝殻,,か,
資源ごみ,懐中電灯:金属製,電池は抜いて「危険・有害物」,か,
燃やさないごみ,懐中電灯:その他の材質,電池は抜いて「危険・有害物」,か,
資源ごみ,カイロ:金属製,,か,
燃やさないごみ,カイロ:使い捨て,,か,
燃やさないごみ,鏡,,か,
粗大ごみ,学習机,椅子とのセット可,か,
資源ごみ,傘,,か,
燃やさないごみ,加湿器,,か,
資源ごみ,ガスコンロ:3辺の合計1ｍ未満,,か,
資源ごみ,ガスボンベ:カセットコンロ用,使いきり穴を開ける,か,
収集できないごみ,ガスボンベ:プロパンガス用,設置したガス会社へ引取りを依頼,か,
資源ごみ,カセットコンロ,燃料のボンベ缶と電池は外す,か,
燃やさないごみ,カセットテープ,,か,
資源ごみ,カタログ,,か,
危険・有害物,カッターナイフ,危なくないよう刃先をくるむ,か,
危険・有害物,カッターナイフの刃,紙にくるんで中身を表示,か,
プラスチック系ごみ,カップ麺の容器:発泡スチロール製,,か,
燃やすごみ,カップ麺の容器:紙製,,か,
燃やさないごみ,かつら,,か,
資源ごみ,かなづち,,か,
燃やさないごみ,鞄,,か,
危険・有害物,画鋲,紙などにくるんで中身を表示,か,
燃やさないごみ,花瓶:陶器製、ガラス製,,か,
資源ごみ,花瓶:金属製,,か,
燃やすごみ,壁紙,,か,
危険・有害物,鎌,危なくないよう刃先をくるむ,か,
燃やすごみ,紙おむつ,汚物は取り除く,か,
燃やすごみ,紙コップ,,か,
燃やすごみ,紙皿,,か,
資源ごみ,剃刀:電動のもの,,か,
危険・有害物,剃刀:電動でないもの,紙にくるんで中身を表示,か,
資源ごみ,紙筒:トイレットペーパーの芯,,か,
燃やすごみ,紙筒:ラップの芯,,か,
燃やすごみ,紙粘土,,か,
燃やすごみ,髪の毛,,か,
燃やすごみ,紙袋:ビニールコーティングされているもの,,か,
資源ごみ,紙袋:ビニールコーティングされていないもの,プラスチックの取手は取る,か,
資源ごみ,カメラ:一眼レフ、デジカメ,電池は抜いて「危険・有害物」,か,
燃やさないごみ,カメラ:使い捨て、ポラロイド,電池は抜いて「危険・有害物」,か,
燃やさないごみ,蚊帳,,か,
資源ごみ,画用紙,使用済みのものは「燃やすごみ」,か,
"粗大ごみ
（1個1点）",カラーボックス,基準未満は「燃やさないごみ」,か,
"粗大ごみ
（5枚まで1点）",ガラス板:縦、横2辺の計1ｍ以上,基準未満は「燃やさないごみ」,か,
燃やさないごみ,ガラス製品,,か,
粗大ごみ,ガラステーブル,,か,
燃やすごみ,カレー（インスタントカレー）のレトルトパック,,か,
燃やさないごみ,革靴,,か,
資源ごみ,革衣類:コート、ジャンパー、ズボン,,か,
燃やさないごみ,革製品:靴、鞄など,,か,
資源ごみ,カン:飲み物、缶詰のカン,軽くすすぐ,か,
資源ごみ,カン:ボンベ缶、スプレー缶,使いきり、穴を開ける,か,
資源ごみ,カン:塗料のカン,ペンキは出し切る（少量の付着は可）,か,
粗大ごみ,換気扇,基準未満は「資源ごみ」,か,
燃やさないごみ,換気扇フィルター,,か,
燃やさないごみ,かんしょう材:プラスチック製,,か,
燃やすごみ,かんしょう材:紙製,,か,
収集できないごみ,乾燥機:衣類乾燥機,家電リサイクル法にもとづいて処理,か,
粗大ごみ,乾燥機:布団乾燥機、食器乾燥機,基準未満は「資源ごみ」,か,
燃やすごみ,乾燥剤,,か,
危険・有害物,乾電池,乾電池だけを分けて袋に入れる,か,
燃やすごみ,感熱紙,,か,
粗大ごみ,キーボード（楽器）,,き,
燃やさないごみ,キーボード（パソコンの付属品）,,き,
粗大ごみ,ギター,ケースとのセット可,き,
燃やすごみ,木の枝:太さ2センチメートル、長さ50センチメートル以内,紐で縛る,き,
燃やさないごみ,木の枝:3辺の合計1ｍ未満,紐で縛る,き,
"粗大ごみ
（3本まで1点）",木の枝:3辺の合計1ｍ以上,太さ30センチメートル、長さ2．5ｍ以内,き,
燃やすごみ,木べら,,き,
資源ごみ,着物,,き,
粗大ごみ,脚立:金属製、木製,,き,
粗大ごみ,給湯器,基準未満は「資源ごみ」,き,
粗大ごみ,鏡台,,き,
粗大ごみ,金魚鉢,基準未満は「燃やさないごみ」,き,
粗大ごみ,金庫:手提げ金庫など,基準未満は「資源ごみ」,き,
収集できないごみ,金庫:耐火金庫,廃棄物処理業者に依頼,き,
資源ごみ,空気入れ:金属製,,く,
燃やさないごみ,空気入れ:プラスチック製,,く,
粗大ごみ,空気清浄機,基準未満は「資源ごみ」,く,
収集できないごみ,クーラー,家電リサイクル法にもとづいて処理,く,
粗大ごみ,クーラーボックス,基準未満は「燃やさないごみ」,く,
危険・有害物,釘,,く,
資源ごみ,釘抜き,,く,
危険・有害物,串:金属製,危なくないよう刃先をくるむ,く,
可燃ごみ,串:竹製,危なくないよう先を折るか紙などに包む,く,
資源ごみ,櫛:金属製,,く,
燃やさないごみ,櫛:その他の材質,,く,
プラスチック系ごみ,薬のシート,,く,
資源ごみ,薬ビン:飲み薬,,く,
燃やさないごみ,薬ビン:飲み薬以外の薬品,,く,
危険・有害物,果物ナイフ,危なくないよう刃先をくるむ,く,
燃やさないごみ,靴,,く,
燃やすごみ,靴下,,く,
燃やさないごみ,クッション:中身がスポンジ状で3辺の合計1ｍ未満のもの,,く,
粗大ごみ,車椅子,,く,
燃やすごみ,クレヨン,,く,
燃やさないごみ,グローブ（スポーツ用）,,く,
危険・有害物,グローランプ,,く,
"粗大ごみ
（3丁まで1点）",鍬,基準未満は危なくないよう刃先をくるんで「危険・有害物」,く,
燃やすごみ,軍手,,く,
危険・有害物,蛍光管,,け,
資源ごみ,携帯電話:本体,できるだけ販売店に返却する,け,
燃やさないごみ,携帯電話:充電器,できるだけ販売店に返却する,け,
燃やさないごみ,ゲームカセット,,け,
資源ごみ,ゲーム機（家庭用）,,け,
燃やさないごみ,毛皮の衣類:コート,,け,
燃やさないごみ,化粧品容器:化粧水などのビン、ファンデーションケース、口紅ケース、マニュキアのびん,中身は使い切る,け,
燃やすごみ,下駄,,け,
粗大ごみ,下駄箱,,け,
資源ごみ,血圧計:電子血圧計等,電池は抜いて「危険・有害物」,け,
危険・有害物,血圧計:水銀を使用しているもの,,け,
燃やさないごみ,玄関マット,,け,
危険・有害物,剣山,紙にくるんで中身を表示,け,
燃やさないごみ,碁石,,こ,
燃やさないごみ,こいのぼり,,こ,
粗大ごみ,こいのぼりの支柱・ポール:金属製,基準未満は「資源ごみ」,こ,
粗大ごみ,こいのぼりの支柱・ポール:その他の材質,基準未満は「燃やさないごみ」,こ,
資源ごみ,工具類（ドライバー、スパナ等）:金属製,,こ,
燃やさないごみ,ゴーグル,,こ,
資源ごみ,広告紙、折込広告,新聞と一緒で可,こ,
燃やさないごみ,コード,,こ,
資源ごみ,コーヒーメーカー,,こ,
燃やさないごみ,氷枕,,こ,
粗大ごみ,ござ:6畳以上,基準未満は「燃やさないごみ」,こ,
粗大ごみ,こたつ,こたつ板とのセット可,こ,
"粗大ごみ
（3枚まで1点）",こたつ布団,こたつ敷とのセット可,こ,
燃やさないごみ,コップ:ガラス製、プラスチック製,,こ,
可燃ごみ,コップ:紙製（使い捨て）,,こ,
資源ごみ,コップ:金属製,,こ,
粗大ごみ,琴,,こ,
粗大ごみ,コピー機:家庭用,,こ,
収集できないごみ,コピー機:業務用,メーカーに引き取りを依頼,こ,
燃やさないごみ,ゴム手袋,,こ,
粗大ごみ,米びつ（レンジ台付きのものを含む）:金属製,基準未満は「資源ごみ」,こ,
粗大ごみ,米びつ（レンジ台付きのものを含む）:その他の材質,基準未満は「燃やさないごみ」,こ,
燃やさないごみ,コルクボード:縦、横2辺の計1ｍ未満,,こ,
"粗大ごみ
（3本まで1点）",ゴルフ用品:クラブ,基準未満は「資源ごみ」,こ,
粗大ごみ,ゴルフ用品:バッグ,ゴルフクラブとのセット可,こ,
燃やさないごみ,ゴルフ用品:ボール,,こ,
粗大ごみ,コンポ,基準未満は「資源ごみ」,こ,
粗大ごみ,コンポスト,,こ,
粗大ごみ,サーフボード,,さ,
"粗大ごみ
（1脚で1点）",座椅子:ひじ掛けあり,,さ,
"粗大ごみ
（4脚まで1点）",座椅子:ひじ掛けなし,,さ,
粗大ごみ,サイドボード,,さ,
燃やすごみ,酒パック:中が銀色のもの,,さ,
プラスチック系ごみ,刺身のトレイ,白色トレイはできるだけ回収協力店へ,さ,
粗大ごみ,座卓,,さ,
燃やさないごみ,サッカーボール,,さ,
資源ごみ,殺虫剤の缶:スプレータイプ,中身を使いきり穴を開ける,さ,
資源ごみ,殺虫剤の缶:煙をたくタイプ,,さ,
資源ごみ,座布団:中身が綿のもの,,さ,
"粗大ごみ
（3枚まで1点）",座布団:長座布団,寝具用、こたつ用布団とのセット可,さ,
資源ごみ,ざる:金属製,,さ,
燃やさないごみ,ざる:その他の材質,,さ,
資源ごみ,三脚:金属製,,さ,
燃やさないごみ,サングラス,,さ,
燃やさないごみ,サンダル,,さ,
粗大ごみ,三輪車,,さ,
資源ごみ,シーツ,,し,
燃やさないごみ,ＣＤ,,し,
燃やさないごみ,ＣＤケース,,し,
粗大ごみ,ＣＤプレーヤー、ＣＤラジカセ,基準未満は「資源ごみ」、電池は抜いて「危険・有害物」,し,
燃やさないごみ,シートカバー:自動車用,,し,
燃やすごみ,色紙,,し,
燃やさないごみ,磁石,,し,
資源ごみ,下着,,し,
燃やさないごみ,七輪,,し,
燃やすごみ,しっぷ薬,,し,
資源ごみ,辞典、辞書,,し,
粗大ごみ,自転車,,し,
燃やさないごみ,シャープペンシル,,し,
燃やすごみ,写真,,し,
"粗大ごみ
（3本まで1点）",シャベル:柄が金属製,基準未満は「資源ごみ」,し,
"粗大ごみ
（3本まで1点）",シャベル:柄がその他の材質,基準未満は「燃やさないごみ」,し,
燃やすごみ,しゃもじ:木製,,し,
燃やさないごみ,しゃもじ:プラスチック製,,し,
プラスチック系ごみ,シャンプー・リンス容器:プラスチックボトル,中身を使い切る,し,
プラスチック系ごみ,シャンプー・リンス容器:詰め替えの袋,中身を出し切る,し,
粗大ごみ,じゅうたん,,し,
危険・有害物,充電式電池,できるだけ充電式電池リサイクル協力店へ,し,
燃やすごみ,シュレッダーくず,,し,
収集できないごみ,消火器,回収協力店へ依頼,し,
燃やさないごみ,将棋盤:3辺の合計1ｍ未満,,し,
燃やすごみ,障子紙,未使用のものは「資源ごみ」,し,
燃やさないごみ,浄水器、浄水器のカートリッジ,,し,
粗大ごみ,照明器具:本体（金属製）,"傘とのセット可
基準未満は「資源ごみ」",し,
粗大ごみ,照明器具:傘部分（金属製）,基準未満は「資源ごみ」,し,
粗大ごみ,照明器具:傘部分（その他の材質）,基準未満は「燃やさないごみ」,し,
資源ごみ,じょうろ:金属製,,し,
燃やさないごみ,じょうろ:プラスチック製,,し,
粗大ごみ,除湿機,基準未満は「資源ごみ」,し,
燃やさないごみ,除湿剤,,し,
燃やさないごみ,食器:陶磁器、ガラス製、プラスチック製,,し,
燃やすごみ,食器:紙製（使い捨て）,,し,
資源ごみ,食器:金属製,,し,
粗大ごみ,食器洗い機,基準未満は「燃やさないごみ」,し,
粗大ごみ,食器乾燥機,基準未満は「燃やさないごみ」,し,
粗大ごみ,食器棚,,し,
"粗大ごみ
（3枚まで1点）",人工芝:90センチメートル×180センチメートル,基準未満は「燃やさないごみ」,し,
収集できないごみ,シンナー,廃棄物処理業者に引取りを依頼,し,
資源ごみ,新聞紙（折込広告を含む）,,し,
粗大ごみ,水槽,基準未満は「燃やさないごみ」,す,
燃やさないごみ,水中眼鏡,,す,
資源ごみ,水筒:金属製,,す,
燃やさないごみ,水筒:その他の材質,,す,
資源ごみ,炊飯器:3辺の合計1ｍ未満,,す,
粗大ごみ,スーツケース,基準未満は「燃やさないごみ」,す,
プラスチック系ごみ,スーパーの袋（レジ袋、ポリ袋）,,す,
資源ごみ,スカーフ,,す,
粗大ごみ,スキー用品:スキー板,ストック、スキーブーツとのセット可,す,
粗大ごみ,スキー用品:ストック（金属製）,基準未満は「資源ごみ」,す,
燃やさないごみ,スキー用品:スキーブーツ,,す,
燃やさないごみ,スケート靴,,す,
燃やさないごみ,スケートボード,,す,
"粗大ごみ
（3本まで1点）",スコップ:柄が金属製,基準未満は「資源ごみ」,す,
"粗大ごみ
（3本まで1点）",スコップ:柄がその他の材質,基準未満は「燃やさないごみ」,す,
燃やさないごみ,すずり,,す,
粗大ごみ,すだれ,基準未満は「燃やさないごみ」,す,
粗大ごみ,スチール机,,す,
"粗大ごみ
（1セット1点）",ステレオ,基準未満は「資源ごみ」,す,
粗大ごみ,ストーブ:電気、ガス、石油とも,基準未満は「燃やさないごみ」,す,
燃やすごみ,ストッキング,,す,
燃やさないごみ,スニーカー,,す,
粗大ごみ,スノーボード,ブーツとのセット可,す,
"粗大ごみ
（1枚1点）",すのこ:縦、横2辺の計2ｍ以上,,す,
"粗大ごみ
（3枚まで1点）",すのこ:縦、横2辺の計2ｍ未満,,す,
燃やさないごみ,すのこ:縦、横2辺の計1ｍ未満,,す,
"粗大ごみ
（1対で1点）",スピーカー,基準未満は「燃やさないごみ」,す,
資源ごみ,スプーン:金属製,柄が金属でないものも可,す,
燃やすごみ,スプーン:木製,,す,
燃やさないごみ,スプーン:プラスチック製,,す,
資源ごみ,スプレー缶,中身を使いきり穴を開ける,す,
燃やさないごみ,スポンジ,,す,
燃やさないごみ,スリッパ,,す,
粗大ごみ,製図台,,せ,
燃やさないごみ,製氷皿:プラスチック製,,せ,
燃やさないごみ,石油ポンプ:手動、電動,電池は抜いて「危険・有害物」,せ,
燃やさないごみ,背広ケース,,せ,
プラスチック系ごみ,洗剤の容器（粉洗剤）:プラスチック製,,せ,
燃やすごみ,洗剤の容器（粉洗剤）:紙製,,せ,
プラスチック系ごみ,洗剤の容器（液体洗剤・柔軟材容器を含む）:プラスチック製,,せ,
燃やさないごみ,扇子,,せ,
収集できないごみ,洗濯機,家電リサイクル法にもとづいて処理,せ,
燃やさないごみ,洗濯ネット,,せ,
資源ごみ,洗濯バサミ:金属製,,せ,
燃やさないごみ,洗濯バサミ:プラスチック製,,せ,
"粗大ごみ
（3本まで1点）",洗濯物干し竿:3．6ｍ以内,3．6ｍ以上のものを切った場合も1本で換算,せ,
粗大ごみ,扇風機,基準未満は「資源ごみ」,せ,
燃やさないごみ,洗面器:プラスチック製,,せ,
資源ごみ,洗面器:金属製,,せ,
燃やさないごみ,双眼鏡,,そ,
燃やすごみ,雑巾,,そ,
"粗大ごみ
（1セットで1点）",掃除機:本体、ホース等1セット,,そ,
資源ごみ,掃除機:本体のみ,,そ,
燃やさないごみ,掃除機:本体以外（ホース、パイプ等）,それぞれが基準未満の長さであること,そ,
燃やさないごみ,草履,,そ,
"粗大ごみ
（1脚で1点）",ソファー,,そ,
粗大ごみ,そり（子供用玩具）:プラスチック製,基準未満は「燃やさないごみ」,そ,
危険・有害物,体温計:水銀体温計,割れないようにテープなどで巻く,た,
資源ごみ,体温計:電子体温計,電池は抜いて「危険・有害物」,た,
収集できないごみ,耐火金庫,廃棄物処理業者に引取りを依頼,た,
資源ごみ,体重計:金属製,,た,
燃やさないごみ,体重計:その他の材質,,た,
燃やさないごみ,台所マット,,た,
収集できないごみ,タイヤ:自動車用、自転車用とも,タイヤ販売店などへ依頼,た,
資源ごみ,タイヤチェーン:金属製,,た,
燃やさないごみ,タイヤチェーン:その他の材質,,た,
資源ごみ,ダウンジャケット,,た,
資源ごみ,タオル,,た,
"粗大ごみ
（1丁で1点）",高枝はさみ,基準未満は「危険・有害物」,た,
"粗大ごみ
（3本まで1点）",竹ほうき,基準未満は「燃やさないごみ」,た,
粗大ごみ,卓球台,,た,
燃やさないごみ,脱臭剤,,た,
燃やさないごみ,タッパー容器,,た,
燃やすごみ,足袋,,た,
プラスチック系ごみ,卵パック:プラスチック製,,た,
燃やすごみ,卵パック:紙製,,た,
資源ごみ,玉じゃくし:金属製,,た,
燃やさないごみ,玉じゃくし:プラスチック製,,た,
"粗大ごみ
（3個まで1点）",たらい:金属製,基準未満は「資源ごみ」,た,
"粗大ごみ
（3個まで1点）",たらい:その他の材質,基準未満は「燃やさないごみ」,た,
燃やさないごみ,たわし,,た,
粗大ごみ,たんす,,た,
資源ごみ,ダンベル:金属製,,た,
燃やさないごみ,ダンベル:プラスチック製（水を充填するもの）,,た,
収集できないごみ,ダンベル:コンクリート、砂鉄などをかためてコーティングしているもの,廃棄物処理業者に引取りを依頼,た,
粗大ごみ,チャイルドシート,基準未満は「燃やさないごみ」,ち,
"粗大ごみ
（1個で1点）",茶箱,,ち,
燃やさないごみ,茶碗,,ち,
資源ごみ,中華なべ,,ち,
プラスチック系ごみ,チューブ類（わさび、からし、歯磨き等）,中身は使い切る,ち,
資源ごみ,ちらし（新聞折込）,,ち,
資源ごみ,つえ:金属製,,つ,
燃やさないごみ,つえ:その他の材質,,つ,
燃やさないごみ,使い捨てカイロ,,つ,
燃やさないごみ,使い捨てカメラ,できるだけ写真現像取扱い店へ,つ,
危険・有害物,使い捨てライター,,つ,
粗大ごみ,机,勉強机は椅子とのセット可,つ,
収集できないごみ,漬物石:市販のもの（主にコーティングされている）,クリーンセンターしらさぎに持ち込み,つ,
収集できないごみ,漬物石:石,廃棄物処理業者に引取りを依頼,つ,
"粗大ごみ
（5本まで1点）",釣りざお,基準未満は「燃やさないごみ」,つ,
燃やさないごみ,ＤＶＤ,,て,
粗大ごみ,ＤＶＤプレーヤー、レコーダー,基準未満は「資源ごみ」,て,
粗大ごみ,テーブル,,て,
資源ごみ,テーブルクロス:布製、レース製,,て,
燃やさないごみ,テーブルクロス:その他の材質,,て,
"⇒「ダンベル」を
参照",鉄アレイ,,て,
燃やさないごみ,テニス用品:ラケット,,て,
燃やさないごみ,テニス用品:ボール,,て,
資源ごみ,テニス用品:ウエア,,て,
燃やさないごみ,手袋:皮製、ゴム製,,て,
燃やすごみ,手袋:毛糸製、布製,,て,
収集できないごみ,テレビ:ブラウン管、液晶、プラズマ,家電リサイクル法にもとづいて処理,て,
資源ごみ,テレビゲーム機,,て,
燃やさないごみ,電気カーペット:3畳未満,,て,
粗大ごみ,電気スタンド:金属製,基準未満は「資源ごみ」、蛍光管ははずして「危険・有害物」,て,
粗大ごみ,電気スタンド:プラスチック製,基準未満は「燃やさないごみ」、蛍光管ははずして「危険・有害物」,て,
燃やさないごみ,電気毛布,,て,
粗大ごみ,電磁調理器,基準未満は「資源ごみ」,て,
粗大ごみ,電子レンジ,基準未満は「資源ごみ」,て,
燃やさないごみ,電卓,電池は抜いて「危険・有害物」,て,
危険・有害物,電池:乾電池、充電式、ボタン型とも,電池だけを分けて袋に入れる、充電式・ボタン型は電池リサイクル協力店へ,て,
粗大ごみ,テント,基準未満は「燃やさないごみ」,て,
燃やすごみ,てんぷら油,固めるか布などに染み込ませる,て,
燃やさないごみ,電話機,,て,
資源ごみ,電話帳,または交換時にＮＴＴが引き取り,て,
燃やさないごみ,砥石,,と,
燃やさないごみ,トイレ用品:ブラシ、マット,,と,
燃やすごみ,トイレ用品:便座カバー,,と,
資源ごみ,トイレットペーパーの芯,,と,
収集できないごみ,灯油,購入店等に引取りを依頼,と,
資源ごみ,トースター,,と,
"粗大ごみ
（1つで1点）",籐製品:椅子、籠など,籐椅子（ひじ掛けなし）は4脚まで1点,と,
燃やさないごみ,時計:壁掛け,,と,
"粗大ごみ
（5枚まで1点）",トタン板:金属製,基準未満は「資源ごみ」,と,
燃やさないごみ,土鍋,,と,
資源ごみ,ドライヤー,,と,
粗大ごみ,トランク,基準未満は「燃やさないごみ」,と,
粗大ごみ,ドレッサー,,と,
燃やさないごみ,トロフィー,,と,
危険・有害物,ナイフ,危なくないよう刃先をくるむ,と,
燃やさないごみ,長靴,,と,
資源ごみ,鍋:テフロン加工、ホウロウ鍋含む,,と,
粗大ごみ,生ごみ処理機:機械式,基準未満は「資源ごみ」,な,
粗大ごみ,生ごみ処理機:コンポスト,基準未満は「燃やさないごみ」,な,
"粗大ごみ
（5枚まで1点）",波板:金属製（トタン板）,基準未満は「資源ごみ」,な,
"粗大ごみ
（5枚まで1点）",波板:プラスチック製,基準未満は「燃やさないごみ」,な,
燃やさないごみ,人形:着せ替え人形、ぬいぐるみなど（3辺の合計1ｍ未満）,,に,
燃やさないごみ,人形:雛人形、五月人形（3辺の合計1ｍ未満）,販売店によっては引き取ることも可,に,
粗大ごみ,ぬいぐるみ,基準未満は「燃やさないごみ」,ぬ,
燃やすごみ,布切れ,,ぬ,
燃やさないごみ,ネガフィルム,,ね,
燃やすごみ,ネクタイ,,ね,
燃やすごみ,猫砂:紙製,燃やすごみ1袋の中に3キログラム程度まで,ね,
燃やさないごみ,寝袋,,ね,
燃やすごみ,粘土:紙製,,ね,
燃やさないごみ,粘土:その他の材質,,ね,
危険・有害物,のこぎり:糸のこぎりを含む,紙などにくるんで中身を表示,の,
資源ごみ,ハーモニカ,,は,
燃やすごみ,はがき,,は,
資源ごみ,はかり:本体が金属製,,は,
燃やさないごみ,はかり:本体がプラスチック製,,は,
粗大ごみ,はく製,基準未満は「燃やさないごみ」,は,
"粗大ごみ
（3個まで1点）",バケツ:金属製,基準未満は「資源ごみ」,は,
"粗大ごみ
（3個まで1点）",バケツ:プラスチック製,基準未満は「燃やさないごみ」,は,
危険・有害物,はさみ,紙などにくるんで中身を表示,は,
粗大ごみ,はしご:金属製、木製,長さ2．5ｍ以内のものに限る,は,
資源ごみ,バスタオル,,は,
収集できないごみ,パソコン:デスクトップ本体、ディスプレイ、ノートパソコン,メーカーの回収ルートで処理,は,
燃やさないごみ,パソコン:キーボード、マウス,,は,
粗大ごみ,パソコン:プリンター、後付けのハードディスク,基準未満は「資源ごみ」,は,
燃やさないごみ,バッグ:皮製、布製、プラスチック製,,は,
収集できないごみ,バッテリー,購入店等に引取りを依頼,は,
資源ごみ,バット:金属製,,は,
燃やさないごみ,バット:木製、プラスチック製,,は,
プラスチック系ごみ,発泡スチロール,,は,
プラスチック系ごみ,発泡トレイ,できるだけ回収協力店へ,は,
燃やすごみ,花火,未使用のものは水で湿らす,は,
燃やさないごみ,歯ブラシ:手動式,,は,
資源ごみ,歯ブラシ:電動式,電池は抜いて「危険・有害物」,は,
プラスチック系ごみ,歯磨きチューブ:プラスチック製,中身は使い切る,は,
危険・有害物,針:縫い針、釣り針など,針先をテープなどで巻く,は,
資源ごみ,針金,ビニールコーティングされていても可,は,
資源ごみ,ハンガー:針金ハンガー,ビニールコーティングされていても可,は,
燃やさないごみ,ハンガー:木製、プラスチック製,,は,
資源ごみ,ハンカチ,,は,
燃やすごみ,半紙,未使用のものは「資源ごみ」,は,
資源ごみ,はんてん,,は,
資源ごみ,ハンマー,,は,
収集できないごみ,ピアノ:グランドピアノ,専門業者に依頼する,ひ,
粗大ごみ,ピアノ:キーボード,,ひ,
燃やさないごみ,ビーチサンダル,,ひ,
燃やさないごみ,ビーチボール,,ひ,
資源ごみ,ビデオカメラ,電池は抜いて「危険・有害物」,ひ,
燃やさないごみ,ビデオテープ,,ひ,
粗大ごみ,ビデオデッキ,基準未満は「燃やさないごみ」,ひ,
粗大ごみ,雛人形:一式,販売店によっては引き取ることも可,ひ,
燃やさないごみ,雛人形:単品,販売店によっては引き取ることも可,ひ,
燃やさないごみ,ビニールシート:レジャーシート、ブルーシート（縦3．6ｍ横2．7ｍ未満のもの）,折りたたんで出す,ひ,
燃やさないごみ,紐,,ひ,
資源ごみ,百科事典,,ひ,
資源ごみ,ビン:飲料水や食品のビン,ふたを外して中をすすぐ,ひ,
資源ごみ,ビン:飲み薬、ドリンク剤のビン,ふたを外して中をすすぐ,ひ,
燃やさないごみ,ビン:化粧品、薬剤のビン,ふたを外す,ひ,
燃やさないごみ,ビン:広口ビン、酒を漬けるビン,ふたを外す,ひ,
資源ごみ,ビンのふた:金属製、王冠,,ひ,
プラスチック系ごみ,ビンのふた:プラスチック製,,ひ,
粗大ごみ,ファクシミリ,基準未満は「燃やさないごみ」,ふ,
燃やすごみ,ファックス用紙:感熱紙,,ふ,
粗大ごみ,ファンヒーター:石油,灯油は抜く、基準未満は「資源ごみ」,ふ,
燃やさないごみ,プール:幼児用のビニールプール,空気を抜いてたたむ,ふ,
資源ごみ,フォーク:金属製,柄が金属でないものも可,ふ,
燃やさないごみ,フォーク:その他の材質,,ふ,
燃やすごみ,ふすま紙,,ふ,
燃やさないごみ,筆,,ふ,
"粗大ごみ
（3枚まで1点）",布団,,ふ,
燃やさないごみ,布団圧縮袋,,ふ,
資源ごみ,布団乾燥機:3辺の合計1ｍ未満,,ふ,
資源ごみ,フライパン,,ふ,
粗大ごみ,ブラインド:金属製,基準未満は「資源ごみ」,ふ,
粗大ごみ,ブラインド:プラスチック製,基準未満は「燃やさないごみ」,ふ,
粗大ごみ,ぶらさがり健康器,,ふ,
資源ごみ,ブラシ:金属製,,ふ,
燃やさないごみ,ブラシ:その他の材質,,ふ,
燃やさないごみ,プラモデル,,ふ,
燃やさないごみ,フラワーポット:プランターなど購入したもの（3辺の合計1ｍ未満）,,ふ,
プラスチック系ごみ,フラワーポット:買った草花が入っていたもの,できるだけ土を落とす,ふ,
"粗大ごみ
（3枚まで1点）",プランター,基準未満は「燃やさないごみ」,ふ,
資源ごみ,ブリキ製品:ブリキ板、ブリキのおもちゃなど（3辺の合計1ｍ未満）,,ふ,
粗大ごみ,プリンター,基準未満は「資源ごみ」,ふ,
燃やさないごみ,プリンターカートリッジ,できるだけ電器店の回収箱へ,ふ,
粗大ごみ,風呂用品:浴槽,,ふ,
燃やさないごみ,風呂用品:洗面器、手桶,,ふ,
粗大ごみ,風呂用品:マット、ふた,基準未満は「燃やさないごみ」,ふ,
資源ごみ,風呂敷,,ふ,
燃やさないごみ,フロッピーディスク,,ふ,
粗大ごみ,ベッド,,へ,
ペットボトル,ペットボトル:ボトル本体,軽くすすいでつぶして出す,へ,
プラスチック系ごみ,ペットボトル:ふた、ラベル,,へ,
粗大ごみ,ベビーカー,,へ,
"粗大ごみ
（3枚まで1点）",ベビー布団,他の布団とのセット可,へ,
粗大ごみ,ベビーベッド,,へ,
燃やさないごみ,ベルト,,へ,
燃やさないごみ,ヘルメット,,へ,
資源ごみ,ペンキの缶,中身は使い切る,へ,
収集できないごみ,便座,クリーンセンターしらさぎに持ち込み（基準以上は「粗大ごみ（有料）」,へ,
燃やすごみ,便座カバー,,へ,
燃やさないごみ,弁当箱:ランチボックス（プラスチック製）,,へ,
資源ごみ,弁当箱:金属製,,へ,
プラスチック系ごみ,弁当箱:持ち帰り弁当（プラスチック製）,軽くすすぐ,へ,
燃やすごみ,弁当箱:持ち帰り弁当（紙製）,,へ,
粗大ごみ,望遠鏡,基準未満は「燃やさないごみ」,ほ,
"粗大ごみ
（3本まで1点）",ほうき,基準未満は「燃やさないごみ」,ほ,
燃やさないごみ,帽子:布製、麦わら帽子、サンバイザーなど,,ほ,
危険・有害物,包丁,危なくないよう刃先をくるむ,ほ,
燃やさないごみ,ボウリングの玉,,ほ,
燃やさないごみ,ホース:ゴムホース、ビニールホース,,ほ,
燃やさないごみ,ボール:野球、テニス、サッカーなどのボール,,ほ,
燃やさないごみ,ボールペン,,ほ,
資源ごみ,ホウロウ鍋,,ほ,
資源ごみ,ホッチキス,,ほ,
可燃ごみ,ホッチキスの針:少量の場合,未使用のもの等多量の場合は「燃やさないごみ」,ほ,
資源ごみ,ポット:魔法瓶、電気ポットとも,,ほ,
燃やさないごみ,ホットカーペット:3畳未満,,ほ,
資源ごみ,ホットプレート,,ほ,
プラスチック系ごみ,ポテトチップスの袋:プラスチック製,,ほ,
燃やすごみ,ポテトチップスの紙筒,,ほ,
燃やさないごみ,ほ乳瓶:プラスチック製、ガラス製とも,,ほ,
燃やさないごみ,ポリタンク,,ほ,
燃やさないごみ,保冷剤,,ほ,
資源ごみ,本:単行本、文庫本とも,,ほ,
粗大ごみ,本棚:金属製,基準未満は「資源ごみ」,ほ,
粗大ごみ,本棚:木製,基準未満は「燃やさないごみ」,ほ,
資源ごみ,ボンベ缶:カセットコンロ用,中身を使いきり穴を開ける,ほ,
プラスチック系ごみ,マーガリンの容器,付着物を拭き取る,ま,
燃やさないごみ,マウス（パソコンの付属品）,,ま,
燃やさないごみ,マウスパッド,,ま,
燃やさないごみ,枕,,ま,
粗大ごみ,マッサージ椅子,,ま,
"粗大ごみ
（1枚1点）",マットレス:スプリング入り,,ま,
"粗大ごみ
（1枚1点）",マットレス:スプリングなし,,ま,
燃やさないごみ,まな板:木製、プラスチック製,,ま,
燃やすごみ,マフラー（えりまき）,,ま,
資源ごみ,魔法瓶,,ま,
プラスチック系ごみ,マヨネーズチューブ,中身は使い切る,ま,
資源ごみ,ミキサー,,み,
"粗大ごみ
（1台1点）",ミシン:ポータブルミシン,基準以下は「燃やさないごみ」,み,
"粗大ごみ
（1台1点）",ミシン:金属製足踏みミシン,,み,
資源ごみ,水着,,み,
燃やさないごみ,虫かご:プラスチック製,,む,
資源ごみ,蒸し器:金属製,,む,
燃やさないごみ,蒸し器:その他の材質,,む,
燃やさないごみ,虫眼鏡,,む,
"粗大ごみ
（3枚まで1点）",むしろ,基準以下は「燃やさないごみ」,む,
燃やさないごみ,眼鏡,,め,
資源ごみ,毛布:毛布,,も,
燃やさないごみ,毛布:電気毛布,,も,
"粗大ごみ
（3本まで1点）",モップ,ほうき、熊手などとのセット可,も,
"粗大ごみ
(1畳用まで収集可）",物置,解体すること。1畳超2畳以下はクリーンセンターしらさぎへの持ち込みのみ,も,
"粗大ごみ
（3本まで1点）",物干し竿:3．6ｍ以内,3．6ｍ以上のものを切った場合も1本で換算,も,
"粗大ごみ
（1対まで1点）",物干し台,コンクリート台と支柱の左右1対,も,
資源ごみ,やかん,,や,
資源ごみ,浴衣,,ゆ,
資源ごみ,湯たんぽ:金属製,,ゆ,
燃やさないごみ,湯たんぽ:その他,,ゆ,
資源ごみ,ユニフォーム,,ゆ,
粗大ごみ,湯沸し器:台所用,電池は抜いて「危険・有害物」、基準以下は「資源ごみ」,ゆ,
燃やすごみ,ヨーグルトの容器:紙製,,よ,
プラスチック系ごみ,ヨーグルトの容器:プラスチック製,軽くすすぐ,よ,
"粗大ごみ
（1枚1点）",よしず,,よ,
危険・有害物,ライター,ガス・オイルは使い切る,ら,
資源ごみ,ラジオ,,ら,
粗大ごみ,ラジカセ,電池は抜いて「危険・有害物」、基準以下は「資源ごみ」,ら,
燃やさないごみ,ラジコン,電池は抜いて「危険・有害物」,ら,
プラスチック系ごみ,ラップ:食品ラップ,汚れのひどいものは「燃やすごみ」,ら,
燃やすごみ,ラップの芯,,ら,
燃やさないごみ,ランドセル,,ら,
燃やさないごみ,リモコン,電池は抜いて「危険・有害物」,り,
粗大ごみ,リヤカー,,り,
燃やさないごみ,リュックサック,,り,
収集できないごみ,冷蔵庫,家電リサイクル法にもとづいて処理,れ,
収集できないごみ,冷凍庫,家電リサイクル法にもとづいて処理,れ,
プラスチック系ごみ,冷凍食品の袋,,れ,
収集できないごみ,冷風機:コンデンサーがあるもの,家電リサイクル法にもとづいて処理,れ,
粗大ごみ,冷風機:水や氷を使用するもの,,れ,
資源ごみ,レザーの衣類,,れ,
プラスチック系ごみ,レジ袋,,れ,
燃やさないごみ,レジャーシート,,れ,
資源ごみ,レインコート,,れ,
資源ごみ,レース（テーブルクロス、カーテン等）,,れ,
燃やさないごみ,レコード,,れ,
粗大ごみ,レコードプレーヤー,基準以下は「資源ごみ」,れ,
資源ごみ,レシート,感熱紙は「燃やすごみ」,れ,
燃やすごみ,レトルトパック:カレー、中華材料など,,れ,
燃やさないごみ,ロープ,,ろ,
燃やさないごみ,ローラースケート,,ろ,
粗大ごみ,ワープロ,基準以下は「資源ごみ」,わ,
燃やすごみ,和紙,未使用のものは「資源ごみ」,わ,
資源ごみ,和服,,わ,
